{
  "users": [
    {
      "id": "828b",
      "username": "surya1",
      "password": "$2a$05$Li3LFUc9bxk0/I/WgaincOusPqXgKOYJszGvO0FqxphTKlzE18FKu",
      "email": "a@msd",
      "dob": "2024-01-18"
    },
    {
      "id": "f3a6",
      "username": "surya111",
      "password": "$2a$05$c0B5UrsvlkgMA.FDwrmwV.rJSy7DI.sFjDxB.FekGppFIcPKIHugO",
      "email": "jkedkd@gmail.com",
      "dob": "2024-01-17"
    },
    {
      "id": "4adf",
      "username": "test1",
      "name": "Surya",
      "password": "$2a$05$Mbr.EVKslw8p3iUiai2Z6uxV6e7L/TABf/gWOa95KW.CnUXDeypoe",
      "email": "cd@dcd",
      "dob": "2024-01-11"
    },
    {
      "id": "9638",
      "username": "suryacharan",
      "name": "Surya Charan",
      "password": "$2a$05$fhrlq7VthvFZJ.h42Hd1OenWmP85naYPsyT9MTKqfVFh31.KsUeue",
      "email": "surya@gmail",
      "dob": "2024-01-03"
    },
    {
      "id": "ee0c",
      "name": "Manoj",
      "username": "Manoj123",
      "password": "$2a$05$dV6d2NdRsBgm7A1bsWbI.OX9wCIF5CJ3d3/TvX5Kl/.wlW6L6J0Y6",
      "email": "suejsd@dkm",
      "dob": "2024-01-16"
    },
    {
      "id": "a4df",
      "name": "Mohan ",
      "username": "Surya",
      "password": "$2a$05$.brwCz7OsM9p3YNr6VFusOpc7.EbieIEvpc7D3Kg.CFD8K11yfhFq",
      "email": "djcnk@gmail.com",
      "dob": "2024-01-26"
    },
    {
      "id": "676e",
      "name": "Vijaya Laxmi",
      "username": "vijaya",
      "password": "$2a$05$ChElbBeJWDNTPuWsOiXsBuzUzUPvQKGaS5cK/RYCqHwT1b6j.Fqby",
      "email": "vijaya@gmail.com",
      "dob": "2024-01-18"
    },
    {
      "id": "869b",
      "name": "Surya",
      "username": "surya13",
      "password": "$2a$05$Hk.JtmsCpzdmYu2NbDsjS.X/lTAmbyvnnE.ZCWT2yhO3hqVPfbfbm",
      "email": "surya@gmail.com",
      "dob": "2024-02-15"
    }
  ],
  "hotels": [
    {
      "id": "4ede",
      "hotelName": "Viswas Hotel",
      "location": "Hyderabad",
      "contactPerson": "Surya",
      "email": "vfc@d",
      "phone": "67898765678",
      "numberOfRooms": "31",
      "facilities": "wfrw",
      "image": "https://source.unsplash.com/300x200/?hotel,hyderabad",
      "pricePerNight": 599
    },
    {
      "id": "65c9",
      "hotelName": "Manas",
      "location": "Chennai",
      "contactPerson": "787678987678",
      "email": "oddjo@qedmk",
      "phone": "678987",
      "numberOfRooms": "16",
      "facilities": "doewdn",
      "image": "https://source.unsplash.com/300x200/?hotel,chennai",
      "pricePerNight": 499
    },
    {
      "id": "dba4",
      "hotelName": "Surya Residency",
      "location": "Hyderabad",
      "contactPerson": "67980897657688",
      "email": "cd@dcd",
      "phone": "67898765678",
      "numberOfRooms": "11",
      "facilities": "wdcd",
      "image": "https://source.unsplash.com/300x200/?hotel,hyderabad",
      "pricePerNight": 699
    },
    {
      "id": "1",
      "hotelName": "Royal Residency",
      "location": "Hyderabad",
      "contactPerson": "Amit Kumar",
      "email": "amit@example.com",
      "phone": "9876543210",
      "numberOfRooms": 30,
      "facilities": "Swimming Pool, Gym, Spa, Restaurant, Conference Rooms",
      "image": "https://source.unsplash.com/300x200/?hotel,hyderabad",
      "pricePerNight": 899
    },
    {
      "id": "2",
      "hotelName": "Chennai Delight",
      "location": "Chennai",
      "contactPerson": "Sneha Singh",
      "email": "sneha@example.com",
      "phone": "8765432109",
      "numberOfRooms": 25,
      "facilities": "Rooftop Bar, Beach Access, Spa, Free Wi-Fi",
      "image": "https://source.unsplash.com/300x200/?hotel,chennai",
      "pricePerNight": 799
    },
    {
      "id": "3",
      "hotelName": "Bangalore Bliss",
      "location": "Bangalore",
      "contactPerson": "Rajesh Reddy",
      "email": "rajesh@example.com",
      "phone": "7654321098",
      "numberOfRooms": 35,
      "facilities": "Garden View Rooms, Business Center, Fitness Center",
      "image": "https://source.unsplash.com/300x200/?hotel,bangalore",
      "pricePerNight": 999
    },
    {
      "id": "4",
      "hotelName": "Hyderabad Heights",
      "location": "Hyderabad",
      "contactPerson": "Priya Nair",
      "email": "priya@example.com",
      "phone": "6543210987",
      "numberOfRooms": 20,
      "facilities": "Ayurvedic Spa, Backwater Tours, Cultural Events",
      "image": "https://source.unsplash.com/300x200/?hotel,hyderabad",
      "pricePerNight": 749
    },
    {
      "id": "5",
      "hotelName": "Chennai Serenity",
      "location": "Chennai",
      "contactPerson": "Anand Sharma",
      "email": "anand@example.com",
      "phone": "5432109876",
      "numberOfRooms": 28,
      "facilities": "Heritage Rooms, Yoga Classes, Indoor Games",
      "image": "https://source.unsplash.com/300x200/?hotel,chennai",
      "pricePerNight": 899
    },
    {
      "id": "6",
      "hotelName": "Bangalore Paradise",
      "location": "Bangalore",
      "contactPerson": "Alisha Verma",
      "email": "alisha@example.com",
      "phone": "4321098765",
      "numberOfRooms": 22,
      "facilities": "Private Beach, Water Sports, Nightclub",
      "image": "https://source.unsplash.com/300x200/?hotel,bangalore",
      "pricePerNight": 1099
    },
    {
      "id": "7",
      "hotelName": "Hyderabad Retreat",
      "location": "Hyderabad",
      "contactPerson": "Vikram Singh",
      "email": "vikram@example.com",
      "phone": "3210987654",
      "numberOfRooms": 18,
      "facilities": "French Cuisine, Art Gallery, Beachfront",
      "image": "https://source.unsplash.com/300x200/?hotel,hyderabad",
      "pricePerNight": 799
    },
    {
      "id": "8",
      "hotelName": "Chennai Oasis",
      "location": "Chennai",
      "contactPerson": "Kavya Menon",
      "email": "kavya@example.com",
      "phone": "2109876543",
      "numberOfRooms": 32,
      "facilities": "Spacious Suites, Ayurvedic Treatments, Poolside Bar",
      "image": "https://source.unsplash.com/300x200/?hotel,chennai",
      "pricePerNight": 1199
    },
    {
      "id": "9",
      "hotelName": "Bangalore Comforts",
      "location": "Bangalore",
      "contactPerson": "Rahul Agarwal",
      "email": "rahul@example.com",
      "phone": "1098765432",
      "numberOfRooms": 26,
      "facilities": "City View Rooms, Business Lounge, Banquet Hall",
      "image": "https://source.unsplash.com/300x200/?hotel,bangalore",
      "pricePerNight": 899
    },
    {
      "id": "10",
      "hotelName": "Hyderabad Haven",
      "location": "Hyderabad",
      "contactPerson": "Neha Gupta",
      "email": "neha@example.com",
      "phone": "9876543210",
      "numberOfRooms": 24,
      "facilities": "Rooftop Garden, Fitness Classes, Multi-Cuisine Restaurant",
      "image": "https://source.unsplash.com/300x200/?hotel,hyderabad",
      "pricePerNight": 999
    },
    {
      "id": "e43a",
      "hotelName": "Shivani Residence",
      "location": "Hyderabad",
      "contactPerson": "757657657664",
      "email": "djcnk@gmail.com",
      "phone": "67898765678",
      "numberOfRooms": "12",
      "facilities": "jdkcneqdbneqd",
      "pricePerNight": 999,
      "image": "https://source.unsplash.com/300x200/?hotel,hyderabad"
    },
    {
      "id": "126e",
      "hotelName": "Hotel Nawab",
      "location": "Hyderabad",
      "contactPerson": "Surya",
      "email": "surya@gmail.com",
      "phone": "990997977977997",
      "numberOfRooms": "81",
      "pricePerNight": "800",
      "facilities": "wifi parking etc"
    }
  ]
}